1,228,60204
COMMAND_ASHIRAMBATTLE.bmp,3128,0
COMMAND_EMPTYPLACE.bmp,3128,3128
COMMAND_FINDFRIEND.bmp,3128,6256
COMMAND_MONSTER_ATTACK.bmp,3128,9384
Command_Monster_defense.bmp,3128,12512
COMMAND_PvPDUEL.bmp,3128,15640
ICON_SKILL_100lv_01.bmp,3126,18768
ICON_SKILL_100lv_02.bmp,3126,21894
ICON_SKILL_100lv_03.bmp,3126,25020
ICON_SKILL_100lv_04.bmp,3126,28146
ICON_SKILL_100lv_05.bmp,3126,31272
ICON_SKILL_100lv_06.bmp,3126,34398
ICON_SKILL_100lv_07.bmp,3126,37524
ICON_SKILL_100lv_08.bmp,3126,40650
ICON_SKILL_AGNIARROW.BMP,3126,43776
ICON_SKILL_AO_AGNI.BMP,3126,46902
ICON_SKILL_AO_AGNIBLAZE.BMP,3126,50028
ICON_SKILL_AO_agnimaNi.bmp,3126,53154
ICON_SKILL_AO_AGNITOMARA.BMP,3128,56280
ICON_SKILL_AO_AGUPTA.bmp,3126,59408
ICON_SKILL_AO_AMBAKABIZATI01.bmp,3126,62534
ICON_SKILL_AO_AMBAKABIZATI.bmp,3126,65660
ICON_SKILL_AO_ANTAKARA.bmp,3126,68786
ICON_SKILL_AO_ASTAKAROHATI02.bmp,3126,71912
ICON_SKILL_AO_ASTAKAROHATI.bmp,3126,75038
ICON_SKILL_AO_BALUKAMANTRA.BMP,3126,78164
ICON_SKILL_AO_BALUKATRASH.BMP,3126,81290
ICON_SKILL_AO_BASATI02.bmp,3126,84416
ICON_SKILL_AO_BASATI.BMP,3128,87542
ICON_SKILL_AO_BEGA.BMP,3126,90670
ICON_SKILL_AO_BISACRO.BMP,3126,93796
ICON_SKILL_AO_BIZSAI.bmp,3126,96922
ICON_SKILL_AO_BUKAMPA02.bmp,3126,100048
ICON_SKILL_AO_BUKAMPA.BMP,3126,103174
ICON_SKILL_AO_CACOLAGROUND.BMP,3126,106300
ICON_SKILL_AO_CADORAI.BMP,3128,109426
ICON_SKILL_AO_CHANDRAFORCE.BMP,3126,112554
ICON_SKILL_AO_CHANDRAROCA.BMP,3126,115680
ICON_SKILL_AO_CHAYA02.bmp,3126,118806
ICON_SKILL_AO_CRAMACA.BMP,3128,121932
ICON_SKILL_AO_CUD.bmp,3126,125060
ICON_SKILL_AO_DADATI.bmp,3126,128186
ICON_SKILL_AO_DESTI.bmp,3126,131312
ICON_SKILL_AO_DIBANDA.bmp,3126,134438
ICON_SKILL_AO_DORBAAGAINST.BMP,3126,137564
ICON_SKILL_AO_DORBATRASH02.bmp,3126,140690
ICON_SKILL_AO_DORBATRASH.BMP,3126,143816
ICON_SKILL_AO_DVAIGUNA.bmp,3128,146942
ICON_SKILL_AO_GAIL.BMP,3126,150070
ICON_SKILL_AO_GATHANA.bmp,3126,153196
ICON_SKILL_AO_GRABH.bmp,3126,156322
ICON_SKILL_AO_GUNAJAST.BMP,3126,159448
ICON_SKILL_AO_HIMA.BMP,3126,162574
ICON_SKILL_AO_HIMACHACRA.BMP,3126,165700
ICON_SKILL_AO_HIMARESMAN.BMP,3030,168826
ICON_SKILL_AO_HIMATIRIKA.bmp,3126,171856
ICON_SKILL_AO_HOLDPOISON.BMP,3126,174982
ICON_SKILL_AO_IRINTIRIKA02.bmp,3126,178108
ICON_SKILL_AO_IRINTIRIKA.bmp,3126,181234
ICON_SKILL_AO_JAHATI.bmp,3126,184360
ICON_SKILL_AO_JAKTI.bmp,3126,187486
ICON_SKILL_AO_JANATIPARA.BMP,3126,190612
ICON_SKILL_AO_JANITE.BMP,3128,193738
ICON_SKILL_AO_JASAT.BMP,3126,196866
ICON_SKILL_AO_MAHOLKA.BMP,3126,199992
ICON_SKILL_AO_MANTRA01.BMP,3126,203118
ICON_SKILL_AO_MANTRA.BMP,3126,206244
Icon_skill_ao_mantraskin01.bmp,3126,209370
ICON_SKILL_AO_MANTRASKIN.BMP,3126,212496
ICON_SKILL_AO_MANTRAYKAMSYA.bmp,3126,215622
ICON_SKILL_AO_MANTRAYPATTRA.bmp,3126,218748
ICON_SKILL_AO_NAUTI.BMP,3126,221874
ICON_SKILL_AO_NIKRTI.bmp,3126,225000
ICON_SKILL_AO_PAUVAPRYA.bmp,3126,228126
ICON_SKILL_AO_PRABEZA.BMP,3126,231252
ICON_SKILL_AO_PRANAARROW.BMP,3126,234378
ICON_SKILL_AO_PRANICA.BMP,3126,237504
ICON_SKILL_AO_PRAPAD.bmp,3126,240630
ICON_SKILL_AO_pravara.bmp,3126,243756
ICON_SKILL_AO_RAUTI.BMP,3126,246882
ICON_SKILL_AO_rogazama.bmp,3126,250008
ICON_SKILL_AO_ROHATI.BMP,3128,253134
ICON_SKILL_AO_ROHATISUSARBA.bmp,3128,256262
ICON_SKILL_AO_RU.BMP,3126,259390
ICON_SKILL_AO_SABITRISTUN.BMP,3126,262516
ICON_SKILL_AO_SACATARADA.BMP,3126,265642
ICON_SKILL_AO_SAMAYOGA.bmp,3126,268768
ICON_SKILL_AO_SAMUDABA.BMP,3126,271894
ICON_SKILL_AO_SENYA.bmp,3126,275020
ICON_SKILL_AO_SIDHARU.bmp,3126,278146
ICON_SKILL_AO_SPARE01.bmp,3126,281272
ICON_SKILL_AO_SPTA02.bmp,3126,284398
ICON_SKILL_AO_SPTARESMAN02.bmp,3126,287524
Icon_skill_ao_stun01.bmp,3126,290650
ICON_SKILL_AO_STUN.BMP,3126,293776
ICON_SKILL_AO_SUGAMA.bmp,3126,296902
ICON_SKILL_AO_SURIAFIRECRACK.BMP,3126,300028
ICON_SKILL_AO_TAPASASARA.BMP,3126,303154
ICON_SKILL_AO_TRIPLEORAPUNCH.BMP,3126,306280
ICON_SKILL_AO_VARGA.bmp,3126,309406
ICON_SKILL_AO_VARTATE.bmp,3126,312532
ICON_SKILL_AO_VINAYA.bmp,3126,315658
ICON_SKILL_AO_YAMAKA02.bmp,3128,318784
ICON_SKILL_AO_YAMAKA.bmp,3128,321912
ICON_SKILL_AO_ZAMA02.bmp,3126,325040
ICON_SKILL_AO_ZAMA03.bmp,3126,328166
ICON_SKILL_AO_ZAMA.bmp,3128,331292
ICON_SKILL_AO_ZAMATIRIKA.bmp,3128,334420
ICON_SKILL_AO_ZAMS.bmp,3126,337548
ICON_SKILL_AO_ZNATH.bmp,3126,340674
ICON_SKILL_AV_AGNIGUNA.BMP,3126,343800
ICON_SKILL_AV_AGNIRADA.BMP,3128,346926
ICON_SKILL_AV_AKHILA.bmp,3126,350054
ICON_SKILL_AV_AKHILA_ruj.bmp,3126,353180
ICON_SKILL_AV_antarya.bmp,3126,356306
ICON_SKILL_AV_antaryavirati.bmp,3126,359432
ICON_SKILL_AV_AROKAKIN.bmp,3126,362558
ICON_SKILL_AV_ATMARATI.bmp,3030,365684
ICON_SKILL_AV_AZACA.BMP,3126,368714
ICON_SKILL_AV_BISAIYASARVANA.bmp,3126,371840
ICON_SKILL_AV_BISARADA.BMP,3126,374966
ICON_SKILL_AV_BRAHMANCUNDARINI.BMP,3128,378092
ICON_SKILL_AV_BUKAZAMA.bmp,3128,381220
ICON_SKILL_AV_CATIN.bmp,3126,384348
ICON_SKILL_AV_CURE.BMP,3126,387474
ICON_SKILL_AV_DAMANIBANDANA.bmp,3128,390600
ICON_SKILL_AV_DEHINUTARA.bmp,3126,393728
ICON_SKILL_AV_HIMARADA.bmp,3126,396854
ICON_SKILL_AV_INCRESESPEED.BMP,3126,399980
ICON_SKILL_AV_INCRESESPEED_ASURA.BMP,3128,403106
ICON_SKILL_AV_INCRESESPEED_YAKSA.BMP,3126,406234
ICON_SKILL_AV_INDRAZALA.BMP,3126,409360
ICON_SKILL_AV_JUVAS.bmp,3126,412486
ICON_SKILL_AV_KALATI.bmp,3126,415612
ICON_SKILL_AV_MAYAT.BMP,3126,418738
ICON_SKILL_AV_MITRAFORCE.BMP,3126,421864
Icon_skill_av_orashield01.bmp,3126,424990
ICON_SKILL_AV_ORASHIELD.BMP,3126,428116
ICON_SKILL_AV_PARACAMANA.BMP,3126,431242
ICON_SKILL_AV_RAZASPRANA.BMP,3128,434368
ICON_SKILL_AV_RUGUNA.BMP,3126,437496
ICON_SKILL_AV_SAATA.bmp,3126,440622
ICON_SKILL_AV_SANUTAR.bmp,3126,443748
Icon_skill_av_savitriforce01.bmp,3126,446874
ICON_SKILL_AV_SAVITRIFORCE.BMP,3126,450000
ICON_SKILL_AV_SCANDAPURI01.BMP,3126,453126
ICON_SKILL_AV_SCANDAPURI.BMP,3126,456252
ICON_SKILL_AV_STAMCARMAN.bmp,3126,459378
ICON_SKILL_AV_SURIYAFORCE.BMP,3128,462504
ICON_SKILL_AV_SURYAFORCE.BMP,3126,465632
ICON_SKILL_AV_tan.bmp,3126,468758
ICON_SKILL_AV_TARCA.BMP,3126,471884
ICON_SKILL_AV_TRETA03.bmp,3126,475010
ICON_SKILL_AV_TRETA.bmp,3128,478136
ICON_SKILL_AV_UMASAMATE02.bmp,3128,481264
ICON_SKILL_AV_UMASAMATE.bmp,3126,484392
ICON_SKILL_AV_UTTHA.bmp,3126,487518
ICON_SKILL_AV_vAraNa.bmp,3126,490644
ICON_SKILL_AV_VIRABA.BMP,3126,493770
ICON_SKILL_AV_VISHUNUZROCA.BMP,3126,496896
ICON_SKILL_HOLDFIRE.BMP,3126,500022
ICON_SKILL_INCRESECHACRA_NAGA.BMP,3126,503148
ICON_SKILL_MARUTGRASP.BMP,3128,506274
ICON_SKILL_P_ABHIDHA.bmp,3126,509402
ICON_SKILL_P_agnisanatha 01.bmp,3126,512528
ICON_SKILL_P_ATANIROCA.BMP,3126,515654
ICON_SKILL_P_BALUCA02.bmp,3126,518780
ICON_SKILL_P_BALUCA03.bmp,3128,521906
ICON_SKILL_P_BALUCA.BMP,3126,525034
ICON_SKILL_P_BARUNAFORCE01.BMP,3126,528160
ICON_SKILL_P_BARUNAFORCE.BMP,3126,531286
ICON_SKILL_P_BISAPOISON.BMP,3128,534412
ICON_SKILL_P_BISHUNUZROCA.BMP,3128,537540
ICON_SKILL_P_BLAST.BMP,3128,540668
ICON_SKILL_P_CUNDALINIRISE02.bmp,3126,543796
ICON_SKILL_P_CUNDALINIRISE03.BMP,3128,546922
ICON_SKILL_P_CUNDALINIRISE04.bmp,3126,550050
ICON_SKILL_P_CUNDALINIRISE.BMP,3126,553176
ICON_SKILL_P_DORBAFORCE.BMP,3126,556302
ICON_SKILL_P_DVAIGUNA.bmp,3128,559428
ICON_SKILL_P_DVAIRADAROKA.bmp,3126,562556
ICON_SKILL_P_GLOVEMASTER.BMP,3126,565682
ICON_SKILL_P_himasanatha 01.bmp,3126,568808
ICON_SKILL_P_INCRESECHACRA_DEVA.BMP,3126,571934
ICON_SKILL_P_LAKSROKA02.bmp,3126,575060
ICON_SKILL_P_LAKSROKA.bmp,3126,578186
ICON_SKILL_P_MAGICWEAPONMASTER.BMP,3128,581312
ICON_SKILL_P_MASEMASTER.BMP,3126,584440
ICON_SKILL_P_NAKARAROKA.BMP,3126,587566
ICON_SKILL_P_ORAAMOR.BMP,3126,590692
ICON_SKILL_P_ORAPUNCH.BMP,3128,593818
ICON_SKILL_P_PAUBICA.BMP,3128,596946
ICON_SKILL_P_PRAHASTAROKA02.bmp,3126,600074
ICON_SKILL_P_PRAHASTAROKA03.bmp,3128,603200
ICON_SKILL_P_PRAHASTAROKA.bmp,3126,606328
ICON_SKILL_P_PRATYAYA.bmp,3126,609454
ICON_SKILL_P_RAMHAN02.bmp,3126,612580
ICON_SKILL_P_Ramhas.bmp,3126,615706
ICON_SKILL_P_RANGE.BMP,3126,618832
ICON_SKILL_P_rusanatha 01.bmp,3126,621958
ICON_SKILL_P_SAMATE.bmp,3126,625084
ICON_SKILL_P_SAVITRIFORCE01.BMP,3128,628210
ICON_SKILL_P_SAZI02.bmp,3128,631338
ICON_SKILL_P_SAZI03.bmp,3128,634466
ICON_SKILL_P_SAZI.bmp,3128,637594
ICON_SKILL_P_skandapury 01.bmp,3128,640722
ICON_SKILL_P_SPARK.BMP,3128,643850
ICON_SKILL_P_SPEARMASTER.BMP,3126,646978
ICON_SKILL_P_sthiratA.bmp,3126,650104
ICON_SKILL_P_SWORDMASTER.BMP,3126,653230
ICON_SKILL_P_XMASTER.BMP,3126,656356
ICON_SKILL_P_YAKAT.BMP,3126,659482
ICON_SKILL_RADABLOW.BMP,3128,662608
ICON_SKILL_RATRICULS.BMP,3128,665736
ICON_SKILL_RETURNTOWN.BMP,3128,668864
ICON_SKILL_TRIMU_P_AVA1_ZAYASTE.bmp,3126,671992
ICON_SKILL_TRIMU_P_AVA2_TAPASHRASA.bmp,3126,675118
ICON_SKILL_TRIMU_P_AVA3_JAYINLAT.bmp,3126,678244
ICON_SKILL_TRIMU_P_BRA1_CINTANA.bmp,3126,681370
ICON_SKILL_TRIMU_P_BRA2_UPASARGA.bmp,3126,684496
ICON_SKILL_TRIMU_P_BRA3_KHILA.bmp,3126,687622
ICON_SKILL_TRIMU_P_KSHA1_VISTAMBHA.bmp,3126,690748
ICON_SKILL_TRIMU_P_KSHA2_CHEKA.bmp,3126,693874
ICON_SKILL_TRIMU_P_KSHA3-1_MUJCATI.bmp,3126,697000
ICON_SKILL_TRIMU_P_KSHA3_PARA.bmp,3126,700126
ICON_SKILL_TRIMU_P_MAHA1_PARIHARA.bmp,3128,703252
ICON_SKILL_TRIMU_P_MAHA2_RAGGHAS.bmp,3126,706380
ICON_SKILL_TRIMU_P_MAHA3_PAZ.bmp,3126,709506
